"original","filename","description","width","height","originalBytes","optimizedBytes","r2ObjectKey","originalSha256","optimizedSha256"
"1.JPG","tree-dance-sepia.jpg","tree dance sepia","2133","3200","16584204","1828764","anjo-and-jasmin/images/prenups/tree-dance-sepia.jpg","eb1b82f5d0ce871fc3cacdb1ce93be994eac008dbda08ac08fe83de9bae58349","debcc399268e80b8f09d2f135152a599e801c5964ac96a1bb378713eb8d18715"
"2.JPG","tree-dance-color.jpg","tree dance color","2133","3200","16395647","1370323","anjo-and-jasmin/images/prenups/tree-dance-color.jpg","b8d7a8034c3098c3d0df70d7651822c8df6279c9ef6fb7bbedd312eefb5f49f8","7e6cdfff48bbbc26f7e858e3c613ee31ed9e50e6cd5ad3ddeb12dfc7f023f14d"
"3.JPG","garden-walk-with-clear-umbrellas.jpg","garden walk with clear umbrellas","3200","2133","17875868","1523348","anjo-and-jasmin/images/prenups/garden-walk-with-clear-umbrellas.jpg","355fd465bac76937309eb104ee06fa4bbf82c2b5fa49b5f32ddc499eb83afd1b","19d619944f3bfbc986781ad7ff1f3957da33eac9f1b8e3cd224cb93b0e365147"
"4.JPG","hands-reaching-close-up.jpg","hands reaching close up","3200","2133","17854036","1395784","anjo-and-jasmin/images/prenups/hands-reaching-close-up.jpg","a26eac5fbdca38a4d8bf373320365f6a14670d3e7d699c2f47a80d4cb697c5a5","eb9fe85b628150576dcda7e1d64148a2eb830151a0074f64369f729f42a3707e"
"5-.JPG","boat-ride-smiling-and-holding-hands.jpg","boat ride smiling and holding hands","3200","2133","16657933","1387341","anjo-and-jasmin/images/prenups/boat-ride-smiling-and-holding-hands.jpg","e28720c019c0ee5fb6f6b1e6f50ae89b35a5168b0e07675262608ab9972013e0","c51970132b73733d2b3e0ec3f707a8ad960c7ccf1a97613d4f0c95e4420b0e15"
"6.JPG","boat-kiss-with-ducks-sepia.jpg","boat kiss with ducks sepia","3200","2133","18656834","1804764","anjo-and-jasmin/images/prenups/boat-kiss-with-ducks-sepia.jpg","5c15828c468831094c624e668e1bd78d5e5f4d452acc53ad057b7aa9a1e6e220","5c34c03673c2f4f691a0e18d6e339fe5d6d8b8a6c8d842617355bb41d0963607"
"7.JPG","sunlit-forehead-touch-landscape.jpg","sunlit forehead touch landscape","3200","2133","17342333","1368443","anjo-and-jasmin/images/prenups/sunlit-forehead-touch-landscape.jpg","80df9cadcbebb246aacbf9f6eb809fe7c77cf997cd5c97e32af7593abc1824a0","4a1b4fca3b0d5e943368ec30fbc4fed187b55315f084dfee4609aa76dfed4762"
"9.JPG","boat-ride-pond-wide-view.jpg","boat ride pond wide view","3200","2133","17989067","1583471","anjo-and-jasmin/images/prenups/boat-ride-pond-wide-view.jpg","c6c67eeed1604aceb3997ba21f7f1c5818911596fec58b6011a1145eca7a8980","a60b44d08ddf2fb4712974ff6dd0d7037c37278f08130f42191dd3e6bf39504b"
"10.JPG","seated-couple-with-two-dogs.jpg","seated couple with two dogs","2133","3200","18208621","1206940","anjo-and-jasmin/images/prenups/seated-couple-with-two-dogs.jpg","4e0abe7c660422a0a5920cb63ee66162de4962344ed586c814fa4fce8c131bbe","e2f051752ed555ec8c2af71095351e1e7c50781bba352c3cb74eff1db46c353d"
"11.JPG","playful-back-hug-indoors.jpg","playful back hug indoors","3200","2133","18401668","1408178","anjo-and-jasmin/images/prenups/playful-back-hug-indoors.jpg","2bd5137215abe9279b65b2768c5a91330d5ee0bdae0030badc2497246f905e91","eada170b7471209ff95f897e8aca563e28e929e7d23dd79475f02db31d9fb7e0"
"12.JPG","indoor-cuddle-eyes-closed.jpg","indoor cuddle eyes closed","2133","3200","18551555","1202363","anjo-and-jasmin/images/prenups/indoor-cuddle-eyes-closed.jpg","ce64399f1e2179f7994eb50a025de08f5d1799a265ec6bb3517d422348a8ec2d","aabc1b52de3c125182b342350f0c2e221f12947620fc651299988978dbc02b55"
"13.JPG","playful-shoulder-hug-close-up.jpg","playful shoulder hug close up","2133","3200","20444930","1292404","anjo-and-jasmin/images/prenups/playful-shoulder-hug-close-up.jpg","43294b25ac546e5fe6fd35629291c96d30c00a9cb5e635baecb76392b00b0f26","ca64c4af4c26a9299fe003dbf8a1e7c087a61b0d758b6f90efdf768249b67062"
"14.JPG","warm-indoor-embrace-close-up.jpg","warm indoor embrace close up","3200","2133","16885131","996635","anjo-and-jasmin/images/prenups/warm-indoor-embrace-close-up.jpg","700c5c62dce4f72c83c9155123fe8d9ca2b48ed9f33b9971b13787d852ca4d3d","f588de63e9cef81f8691408256f4d49b754e72166500a9e335e58961075ab0af"
"15 JPG.JPG","bonfire-cuddle-01.jpg","bonfire cuddle 01","3200","2133","19068156","992711","anjo-and-jasmin/images/prenups/bonfire-cuddle-01.jpg","15afdba493ebfe74c413da29ec1c10d192514fcec479e7dda20ac07189ca979e","385135a2d2d4f54a7a5be2cf7600aebb63340134874f177add0b411c8ebaa721"
"16JPG.JPG","running-together-in-golden-rain.jpg","running together in golden rain","3200","2133","24278002","2067054","anjo-and-jasmin/images/prenups/running-together-in-golden-rain.jpg","e0820478a785f793f0133a9dab8f72d8ca55d0394c329a7751ac78128f9a017e","262a054d8a3b92774d3e37fab251a1c851857986798eb2fddad854d6c2909483"
"17.JPG","bonfire-kiss-portrait.jpg","bonfire kiss portrait","2133","3200","18926158","1036807","anjo-and-jasmin/images/prenups/bonfire-kiss-portrait.jpg","2f6793224c0830ba8052e472292c038ae3822b6c994495f5b03a7158d30cd91a","234efa7fa49b7950b34777331493240418503361c8e2a989bd5dd8682f0c9183"
"18.JPG","rowing-boat-with-ducks.jpg","rowing boat with ducks","3200","2133","16015148","1457837","anjo-and-jasmin/images/prenups/rowing-boat-with-ducks.jpg","9435fd90182d9e23bc96768864254fcb2f35fe10bb0bec9b7ad21bd84497a02a","fc1413e428c319a3f704b825ab20f3c9591aa3cbd5075e71f15318e4615b66ec"
"19.JPG","boat-ride-ducks-in-foreground.jpg","boat ride ducks in foreground","3200","2133","17417626","1531701","anjo-and-jasmin/images/prenups/boat-ride-ducks-in-foreground.jpg","fa2dae6cc33c9a53efb1a2000c6d70464eb82283f592074e48843103b522e549","53a6a9cd18591ef6b44f1b11fde7ef48475b3ea2dd1245cdb68ed4d6aa0249f2"
"20.JPG","boat-kiss-with-ducks-portrait.jpg","boat kiss with ducks portrait","2133","3200","17850155","1448059","anjo-and-jasmin/images/prenups/boat-kiss-with-ducks-portrait.jpg","5b5c5af883bfd7ad7eead1057189cdeedf256a93fc5580667852c1e8ea913d05","6a00fd421f28df7de303ef1509239d717e89d6024208d0ac71b949b49b0008c5"
"21.JPG","garden-dip-and-laughter.jpg","garden dip and laughter","3200","2134","12169835","1417401","anjo-and-jasmin/images/prenups/garden-dip-and-laughter.jpg","7ad0e85c51f55cbde400341adba0771e79e4a5603fb47c54b04132d7bf2d0f9c","9f6084385c318025b24b7cf1e0ac3d4916d8e1e8e40af861683f324ac35d4ed1"
"21JPG.JPG","holding-hands-in-boat-detail.jpg","holding hands in boat detail","3200","1362","10233177","866706","anjo-and-jasmin/images/prenups/holding-hands-in-boat-detail.jpg","df8a785609211db5dfe0439ff68fbff7cf3f3069824892e51838ab3e43f71a64","05a02098ba9b3eb3e5434269712e3c7676700fd008e1a9425e718fea0dfc257a"
"22JPG.JPG","sunlit-forehead-touch-portrait.jpg","sunlit forehead touch portrait","2133","3200","20920995","1536623","anjo-and-jasmin/images/prenups/sunlit-forehead-touch-portrait.jpg","ec86e2ea5b415016adbc113caca2fdeff7da1ba58620a149c32b90db710c51db","63ab725a67a595118ec8d136cd914f410154d047b267e10ebfebe870cacaf703"
"23-.JPG","sunlit-garden-lift.jpg","sunlit garden lift","3200","2133","7486342","1486107","anjo-and-jasmin/images/prenups/sunlit-garden-lift.jpg","3afa49bb485187b6dcfd13f471bef918a6c06d3037f75848dd51f62ea992ea01","fc7b4c9f9fd52e77d32996acb2ae834d170c59c79131e51338373a7706eec5b8"
"24.JPG","engagement-ring-outstretched-hand.jpg","engagement ring outstretched hand","3200","1362","10402884","979731","anjo-and-jasmin/images/prenups/engagement-ring-outstretched-hand.jpg","a923c120c4b51bae9a7972956d468469332fddd1a122169d578868c7fa5f00af","6880f70641f722e41cb6f7f7972f2a3ee3ff00dfa57eb68e5f41e21d6ae15471"
"25.JPG","engagement-ring-holding-hands.jpg","engagement ring holding hands","3200","2133","9711583","1635423","anjo-and-jasmin/images/prenups/engagement-ring-holding-hands.jpg","e2da845b39112e6ac58879c0b06ac5bb44248d8561ea30e9690b9ca90471a660","4e0820f12c82f1b44b251c85b28a6519e17bc01e0c3d22f6154ccdaac1324d16"
"26.JPG","kiss-across-wooden-table.jpg","kiss across wooden table","3200","2133","16623206","1349567","anjo-and-jasmin/images/prenups/kiss-across-wooden-table.jpg","ab9c19fabdef8db170514fab9153619e90551b287c84624e0bff64b0879c2cd8","a32793fc9b6a15cfcfac5d094269701724125623d38655df63152304a8b4bc22"
"27.JPG","indoor-kiss-with-wall-shadows.jpg","indoor kiss with wall shadows","3200","2133","18368115","1122078","anjo-and-jasmin/images/prenups/indoor-kiss-with-wall-shadows.jpg","6b78885d205f9afa83a62a0498a74d49f739e8dee66ea1b203a7f66c4afaca0a","449e370b1424675b218ba2d73a17c0bf4a7219002342b2a1375724315698d40e"
"28.JPG","seated-cuddle-on-wooden-table.jpg","seated cuddle on wooden table","2133","3200","19291656","1233008","anjo-and-jasmin/images/prenups/seated-cuddle-on-wooden-table.jpg","b0c502ed39623d1af0153012c9ec9a3fa004a4dc03981e988667d2a1ad947254","4fab08b468d3a7703ace6e8ca8c7bc3799dda5999229ba2c22f79e11e2e6f34b"
"29.JPG","indoor-cuddle-with-backlight.jpg","indoor cuddle with backlight","2133","3200","15414044","994524","anjo-and-jasmin/images/prenups/indoor-cuddle-with-backlight.jpg","8c2240c431abe9e37d24133d3ba259d9918532ee14893bd3cb6f70849ae1d021","6ec40473fdb0eacf06d92b8ee22db39d30598c7b55b51a7294303ea189b98036"
"30.JPG","shoulder-hug-and-smiles.jpg","shoulder hug and smiles","2133","3200","19910389","1311916","anjo-and-jasmin/images/prenups/shoulder-hug-and-smiles.jpg","f1ece08b6a957a79a6d9577c1bb49568ca4f69206f2de14d041a242ca2b2f6f9","a0ad03e7d9a01713a1401d2a5241db2df8d1e13755ac4d8bcb7abf6e78e7e55d"
"31.JPG","jasmin-warm-light-close-up.jpg","jasmin warm light close up","3200","2133","21805501","1221511","anjo-and-jasmin/images/prenups/jasmin-warm-light-close-up.jpg","9fae371afed40bbbaf74d42f9523f38b982ede26e5e872ba969617c7ce4cb6f2","14441b4ea5c35c69ca398cf2f5be01bbeff6560fed4e3ee12cd6fb1f40b7da7b"
"32.JPG","umbrella-walk-on-lit-bridge.jpg","umbrella walk on lit bridge","3200","2133","21434002","1518949","anjo-and-jasmin/images/prenups/umbrella-walk-on-lit-bridge.jpg","cee9a0c2a27757429bf7a91ebe8e675dece5c451ffdd8d308faee637c25e9d4e","597f88171c9f72b381eff20b2331cde1e97cdafa6ed0d26c9a260f65da6f0c61"
"33.JPG","bonfire-dance-twirl.jpg","bonfire dance twirl","2133","3200","22799397","1399615","anjo-and-jasmin/images/prenups/bonfire-dance-twirl.jpg","40d925bb192751196d6af427607658cda31a2d3a678cbb2258712a1ca84b7be0","e0a7526c1f8fb50c01feb7102c03c9cadb06f51779f9547073bdff98a1e08f8f"
"34.JPG","bonfire-dance-tilted-view.jpg","bonfire dance tilted view","3200","2133","12047162","836035","anjo-and-jasmin/images/prenups/bonfire-dance-tilted-view.jpg","8189526e77eeddeda4804a18ba234bd3462603e85f7f26ffcbe0fcf2c0d79000","156b590902aea6b16c5d5fe2eab4918236b3a9f7698459939f08f02fdfe54c3c"
"35.JPG","bonfire-cuddle-02.jpg","bonfire cuddle 02","3200","2133","17338297","812538","anjo-and-jasmin/images/prenups/bonfire-cuddle-02.jpg","125430d8019ef683ed188830f38f7ec97efc59521a17d9f0257a8dbb15b7c7fc","1055ab6a5d2318c66a36d23140328e6a5ccfb4fd0dc8b5cb0b8383343a5092b1"
"36.JPG","forehead-touch-sepia-close-up.jpg","forehead touch sepia close up","3200","2133","18864834","1778530","anjo-and-jasmin/images/prenups/forehead-touch-sepia-close-up.jpg","d8518b734faad0ef13d9da9f50fa90ecf2431880ad0b547e9d21d12ddaf36d56","8db80ac5254366c97d0cdd7a054685dd24c78a18680b43ec5b77f0dd205ef2dd"
"37.JPG","golden-rain-embrace-portrait.jpg","golden rain embrace portrait","2133","3200","11332310","1420711","anjo-and-jasmin/images/prenups/golden-rain-embrace-portrait.jpg","5dfe5cd712ec349e8bb5ac22cd61cd78178391fa335b7719923a32c1ea16ad30","52f5e04d9ba48e313d44c6146b9614abc1c396ccac86eee42a9dc216ec64c010"
"38.JPG","rain-dance-holding-hands-sepia.jpg","rain dance holding hands sepia","2133","3200","8727652","2055369","anjo-and-jasmin/images/prenups/rain-dance-holding-hands-sepia.jpg","7dd86d9373e18cd0fd17477774cb54d45b9b98bc8b6731e6617ca27c56af6096","295e2aa1c5f4cc50746adf87aaa53b675940f49d98f2c3c1ae5c6cd890c0fd9c"
"39.JPG","bonfire-forehead-touch.jpg","bonfire forehead touch","3200","2133","13833590","1133357","anjo-and-jasmin/images/prenups/bonfire-forehead-touch.jpg","a9667a3362536026f2b48112400fc1a3f362654feca71f5e5834e019e5ad42a7","6c6f3fbf45d84d4d2a9f9bce9027e1a03d18c32a02c1f23bd64406e5191b6dd5"
"40.JPG","golden-rain-lift-and-twirl.jpg","golden rain lift and twirl","3200","2133","21314911","1342399","anjo-and-jasmin/images/prenups/golden-rain-lift-and-twirl.jpg","d9bc33497ccce0d9757883ecb69e73a533e75468ca94fc4469cb480306119b7f","8d788a4ad1b95a174bfc8922b906f5d7eac2cd424a91746fea4747d965f73896"
"41.JPG","bonfire-slow-dance.jpg","bonfire slow dance","3200","2133","14634963","1044591","anjo-and-jasmin/images/prenups/bonfire-slow-dance.jpg","1508f905ba2d00b9fa62644d6b8bb725fb1315d49a7eafa1b6cccb4268ffdc45","252800fc25b442d5745bd6f6692f844291c54df7e80938dc421845db4df4ac3f"
"42.JPG","couple-with-two-dogs-sharing-a-look.jpg","couple with two dogs sharing a look","2133","3200","17671183","1182211","anjo-and-jasmin/images/prenups/couple-with-two-dogs-sharing-a-look.jpg","8c6782e08b191dcb0c5391d5f4cd936f2f3d1535e8f25024328a69ccfe4e3111","4eba3b7e1fa5658476b5ec330bc0a73ba240ef651c41393745e93bc2ce8a93f2"
"44.JPG","engagement-ring-on-chest-detail.jpg","engagement ring on chest detail","2133","3200","9180602","1612998","anjo-and-jasmin/images/prenups/engagement-ring-on-chest-detail.jpg","040aace3d9c388afaa87e2dfa25d4005d9d16f7a7a352c7370081659c32091d5","bded422e826f829271069abd5640ce433c1c0ccabec5ffca9c1435dcb44ddf45"
"45.JPG","boat-kiss-pond-wide-view.jpg","boat kiss pond wide view","3200","2134","12154305","1625013","anjo-and-jasmin/images/prenups/boat-kiss-pond-wide-view.jpg","04646b11d1a9e346661608572090c827442092c2cb29c7b16adaa7e30e983640","5d805452d98edb7385d1e82b5e60973cfc2e5eb1d084fbde2129a8e6dea19ac3"
"46.JPG","boat-ride-with-ducks.jpg","boat ride with ducks","3200","2133","15005829","1732009","anjo-and-jasmin/images/prenups/boat-ride-with-ducks.jpg","bc9166072d47d0358a4be384636b79d478aeeec2ef04faa8a6af9dbda6e0989d","76299318b8df39b2ede6e9e42f5125a8d69facec3abb000bff44750e5363d30a"
"47.JPG","boat-ride-face-to-face.jpg","boat ride face to face","3200","1362","10773826","874256","anjo-and-jasmin/images/prenups/boat-ride-face-to-face.jpg","6cbb4ea92e7415154a8360758b58aea1cfa1d1eb85f4452cd0eb3cb7d345603c","70e56b252a1e4ad5a3149c85e5b68933a6cadd1e0bda1067ab53417ada69e0f5"
"48JPG.JPG","jasmin-backlit-portrait.jpg","jasmin backlit portrait","3200","2133","19089305","1225973","anjo-and-jasmin/images/prenups/jasmin-backlit-portrait.jpg","db60fd9bd378c2c4b4dc83df00f1fdddb5fd10692ab5703e309ef46b3a9c6ba3","4752be07a54f8200da2f682872cf53360887fb2eb90928d8f64b4d48d7b36b5c"
"49.JPG","garden-lift-and-embrace.jpg","garden lift and embrace","3200","2133","16141133","1335069","anjo-and-jasmin/images/prenups/garden-lift-and-embrace.jpg","488da0b00ab7d3026f04a5d3344dbbe51d830a1c7523cbbcd57f7d9ff240eb9c","8258cba361a83e65d74aed3a39d72e2459ca8ac64047a5e40ea91284f5d7a63d"
"50.JPG","laughing-together-in-back-hug.jpg","laughing together in back hug","3200","2133","14322451","1422497","anjo-and-jasmin/images/prenups/laughing-together-in-back-hug.jpg","77710ecc2bfc51713f968c4dc897c321420befc5b7d1816f4437432ba6d5131d","b6102804f81228feb6ca1e5c78f70cb5ddb87d3eda2be8ff6171c81cf3267ff9"
